first-name,last-name,gender,phone-number,city,email
Catalina,Sargent,feminino,621-620-0394,Frankfurt,catalinasargent@googlemail.com
Bruno,Martinez,masculino,544-132-2820,Brasília,brunojjmartinez@gmail.com
Tommy,Strubbe,masculino,954-876-4528,Frankfurt,tommystrubbe@googlemail.com
Betty,Lewis,feminino,800-336-5211,Stuttgart,betty.lewis@gmail.com
Gerry,Vanhoose,feminino,885-592-1509,Düsseldorf,gerry.vanhoose@googlemail.com
Robert,Farrell,masculino,375-226-8352,Berlin,robert.farrell@gmail.com
Maxine,Liesmann,feminino,123-205-3687,Frankfurt,maxineliesmann@web.de
Brenda,Pugh,feminino,168-113-6864,Leipzig,brenda.pugh@web.de
Calvin,Capps,masculino,890-208-0554,Dresden,calvincapps@web.de
Bryan,Marett,masculino,700-498-8237,Stuttgart,bryanmarett@gmx.de
Kelly,Ward,feminino,200-285-3044,Munich,kellyward@t-online.de
Evan,Murray,masculino,905-319-8507,Leipzig,evan.murray@web.de
Guy,Burns,masculino,470-552-2004,Leipzig,guy.burns@gmx.de
Jason,Garrett,masculino,646-502-4358,Frankfurt,jasongarrett@googlemail.com
Ashley,Lanasa,feminino,637-468-6465,Berlin,ashleylanasa@gmail.com
Patricia,Mclendon,feminino,669-475-4310,Frankfurt,patricia.mclendon@gmx.de
Rose,Swenson,feminino,305-158-4879,Dresden,rose.swenson@googlemail.com
Essie,Leisenring,feminino,514-494-7172,Berlin,essieleisenring@gmx.de
Martha,Raymond,feminino,787-253-3055,Dresden,martha.raymond@web.de
Wendi,Pasch,feminino,732-418-3036,Leipzig,wendipasch@web.de
